<?xml version="1.0" encoding="UTF-8" standalone="yes"?>
<addon id="plugin.program.autowidget" name="AutoWidget" version="0.0.323" provider-name="drinfernoo">
    <requires>
        <import addon="xbmc.python" version="2.25.0" />
    </requires>
    
    <extension point="xbmc.python.pluginsource" library="main.py">
        <provides>executable</provides>
    </extension>
    
    <extension point="xbmc.service" library="service.py" />
    
    <extension point="kodi.context.item">
        <menu id="kodi.core.main">
            <item library="context.py">
                <label>$ADDON[plugin.program.autowidget 32003]</label>
                <visible>String.IsEmpty(ListItem.DbType) + !String.IsEmpty(Window(10000).Property(context.autowidget))</visible>
            </item>
        </menu>
    </extension>
    
    <extension point="xbmc.addon.metadata">
        <summary lang="en_GB">Automatically changes out widgets on the homescreen for a more interesting browsing experience.</summary>
        <platform>all</platform>
        <license>LGPL-3.0</license>
        <website>https://www.github.com/drinfernoo/</website>
        <source>https://www.github.com/drinfernoo/plugin.program.autowidget/</source>
        <news>
1.0.7
 - Fix context menu option not showing
1.0.6
 - Fix paths not saving
1.0.5
 - Raise required Skin Shortcuts version to  1.0.19
1.0.4
 - Allow custom labels
 - Add removal notifications    
1.0.3
 - Fix shortcuts and widgets added from context menu
1.0.2
 - Fix crash from non-XML files
1.0.1
 - Fix crash from non-existent context menu setting
1.0.0
 - First stable release
        </news>
        <assets>
            <icon>icon.png</icon>
        </assets>
    </extension>
</addon>
